fold,accuracy,n_test,n_correct
1,0.4782608695652174,23,11
2,0.4090909090909091,22,9
3,0.4090909090909091,22,9
4,0.4090909090909091,22,9
5,0.36363636363636365,22,8
